timestamp_utc,filename,incoming_path,served_path
2025-09-13T00:37:07.180047Z,1-1.png,/home/r1ley/coming/1-1.png,/home/r1ley/suspecious/1-1.png
2025-09-13T00:40:11.204757Z,helloworlddharshan.txt,/home/r1ley/coming/helloworlddharshan.txt,/home/r1ley/suspecious/helloworlddharshan.txt
2025-09-13T01:58:53.288168Z,network_checker.py,/home/r1ley/coming/network_checker.py,/home/r1ley/suspecious/network_checker.py
2025-09-13T02:05:34.864025Z,Server.py,/home/r1ley/coming/Server.py,/home/r1ley/suspecious/Server.py
2025-09-13T03:41:18.370047Z,ransomware_.py,/home/r1ley/coming/ransomware_.py,/home/r1ley/suspecious/ransomware_.py
2025-09-13T03:51:56.326822Z,alert_mecha.py,/home/r1ley/coming/alert_mecha.py,/home/r1ley/suspecious/alert_mecha.py
2025-09-13T04:42:47.041615Z,DARSHAN_ML_LITERATURESURVEY1.pdf,/home/r1ley/coming/DARSHAN_ML_LITERATURESURVEY1.pdf,/home/r1ley/suspecious/DARSHAN_ML_LITERATURESURVEY1.pdf
2025-09-13T04:45:19.061265Z,feature_selection.py,/home/r1ley/coming/feature_selection.py,/home/r1ley/suspecious/feature_selection.py
2025-09-13T04:53:54.990401Z,ransomware_.py,/home/r1ley/coming/ransomware_.py,/home/r1ley/suspecious/ransomware_-1.py
2025-09-13T05:12:34.041864Z,testfile.py,/home/r1ley/coming/testfile.py,/home/r1ley/suspecious/testfile.py
2025-09-13T05:40:37.041349Z,dummy.py,/home/r1ley/coming/dummy.py,/home/r1ley/suspecious/dummy.py
